{
  "performance": {
    "unique_frame_ids": 10.242089986801147,
    "unwarp": 3.2901763916015625e-05,
    "create_combined_rgbd": 0.37548255920410156,
    "odometry": 92.1473298072815,
    "image_quality": 6.6715407371521,
    "keyframing": 1.1254603862762451,
    "rgbdtools": 1847.6954762935638,
    "loop_refinement": 338.2999632358551,
    "imu_level": 0.032972097396850586,
    "find_islands": 1.4794909954071045,
    "global_optimization": 229.5545139312744,
    "raycaster_preview": 18.21182155609131,
    "create_unleveled_world": 95.82931327819824,
    "remove_unleveled_duplicates": 0.5518546104431152,
    "level_world": 36.1172821521759,
    "create_leveled_world": 50.44826364517212,
    "remove_leveled_duplicates": 2.41474986076355,
    "copy_level_ply_to_mesh_ply": 0.017319679260253906,
    "rotate_world": 6.633473634719849,
    "remove_2cm_mesh_duplicates": 4.9368743896484375,
    "simplify_mesh": 18.150670051574707,
    "rotate_simplified_mesh": 0.31194353103637695,
    "phototexturing": 36.50851058959961,
    "split_and_texture": 50.594035148620605,
    "create_single_texture_mesh": 15.674691200256348,
    "color_mesh": 0.5945086479187012,
    "convert_mesh_formats": 2.1217541694641113,
    "create_and_zip_all_island_pointclouds": 0.5660133361816406,
    "zip_textured_meshes": 1.2978382110595703,
    "strip_normals": 1.0552537441253662,
    "cloud_preview": 7.458691835403442,
    "create_las": 10.36264681816101,
    "create_las_rcp_coordinates": 10.746171236038208,
    "create_e57": 0.970980167388916,
    "preview_image_creation": 0.4648151397705078,
    "generate_video": 50.47367525100708,
    "structural_comparison": 1.5974044799804688e-05,
    "record_stats": 0.04449009895324707,
    "freiburg_metrics": 15.464529275894165,
    "reconstruction_completeness": 0.49309539794921875,
    "odometry_kpis": 0.045229196548461914
  },
  "ATE": {
    "Min": 0.001699,
    "Max": 0.293289,
    "Q2": 0.010132
  },
  "RPE": {
    "Min": 0.0,
    "Max": 23.369187,
    "Q2": 0.045098
  },
  "OR": {
    "Min": 0.0010563648127124353,
    "Max": 0.6398035376724991,
    "Q1": 0.02488634552540235,
    "Q2": 0.04013542716661028,
    "Q3": 0.05658626968331628
  },
  "OT": {
    "Min": 0.5241803413254704,
    "Max": 53.7972543136203,
    "Q1": 0.02488634552540235,
    "Q2": 0.04013542716661028,
    "Q3": 0.05658626968331628
  },
  "reconstruction_completeness": {
    "reconstructed_percent": 99.93,
    "dropped_percent": 0.07
  },
  "tracking_percent": {
    "tracked_percent": 99.93,
    "dropped_percent": 0.07
  },
  "overall": {
    "PERF": 2966.184864759445,
    "RC": 99.93373094764745,
    "OR": 0.051236390693787305,
    "OT": 7.24747208392794,
    "TRACKING_PERCENT": 99.93,
    "ATE": 0.038636,
    "RPE": 2.509087
  }
}
